40133;M-BK;15.09.2018;17:00;4035;TG Nürtingen;HSG Leinfelden-Echterdingen;Theodor-Eisenlohr-Sporthalle;72622;Nürtingen;Mühlstraße 25;07022-37388;Regelung Haftmittelverbot: wasserlösliche Haftmittel (Select Profcare) erlaubt
40138;M-BK;22.09.2018;20:00;4066;HSG Leinfelden-Echterdingen;TV Plochingen 2;Sportpark Goldäcker;70771;Leinfelden-Echterdingen;Leinfelder Straße 101;;Regelung Haftmittelverbot: wasserlösliches Haftmittel (Grip4you, wird vom Heimverein gestellt) für Aktive und A-Jugend erlaubt, B-Jugend und jünger absolutes Haftmittelverbot
40142;M-BK;30.09.2018;15:00;4058;TSV Wolfschlugen 2;HSG Leinfelden-Echterdingen;Sporthalle beim Sportzentrum;72649;Wolfschlugen;Nürtinger Straße 77;07022-500535;Regelung Haftmittelverbot: wasserlösliche Haftmittel erlaubt
40204;M-BK;03.10.2018;16:00;4040;TV Plochingen 2;HSG Leinfelden-Echterdingen;Schafhausäckerhalle;73207;Plochingen;Carl-Orff-Weg 4;07153-700521;Regelung Haftmittelverbot: wasserlösliche Haftmittel (Klebebalsam) erlaubt
40148;M-BK;06.10.2018;20:00;4066;HSG Leinfelden-Echterdingen;TSV Weilheim;Sportpark Goldäcker;70771;Leinfelden-Echterdingen;Leinfelder Straße 101;;Regelung Haftmittelverbot: wasserlösliches Haftmittel (Grip4you, wird vom Heimverein gestellt) für Aktive und A-Jugend erlaubt, B-Jugend und jünger absolutes Haftmittelverbot
40163;M-BK;27.10.2018;18:00;4002;TSV Urach 1847;HSG Leinfelden-Echterdingen;Ermstalhalle;72574;Bad Urach;Immanuel-Kant-Straße 28;07125-14400;Regelung Haftmittelverbot: wasserlösliche Haftmittel erlaubt
40185;M-BK;01.11.2018;18:00;4011;TSV Dettingen/Erms 2;HSG Leinfelden-Echterdingen;Sporthalle Neuwiesen;72581;Dettingen/Erms;Hülbener Straße 110;07123-87735;Regelung Haftmittelverbot: Aktive und A-Jugend: Trimona erlaubt, für die restl Jugend besteht absolutes Haftmittelverbot
40168;M-BK;03.11.2018;20:00;4066;HSG Leinfelden-Echterdingen;TSV Grabenstetten 1913 2;Sportpark Goldäcker;70771;Leinfelden-Echterdingen;Leinfelder Straße 101;;Regelung Haftmittelverbot: wasserlösliches Haftmittel (Grip4you, wird vom Heimverein gestellt) für Aktive und A-Jugend erlaubt, B-Jugend und jünger absolutes Haftmittelverbot
40176;M-BK;10.11.2018;18:00;4041;TV Reichenbach 2;HSG Leinfelden-Echterdingen;Brühlhalle;73262;Reichenbach;Karlstraße;07153-500565;Haftmittel erlaubt
40177;M-BK;17.11.2018;20:00;4066;HSG Leinfelden-Echterdingen;HT Uhingen-Holzhausen 2;Sportpark Goldäcker;70771;Leinfelden-Echterdingen;Leinfelder Straße 101;;Regelung Haftmittelverbot: wasserlösliches Haftmittel (Grip4you, wird vom Heimverein gestellt) für Aktive und A-Jugend erlaubt, B-Jugend und jünger absolutes Haftmittelverbot
40189;M-BK;01.12.2018;18:00;4016;TEAM Esslingen 2;HSG Leinfelden-Echterdingen;Schelztor-Sporthalle;73728;Esslingen;Schelztorstraße 4;0711-3512-2505;Regelung Haftmittelverbot: wasserlösliche Haftmittel (Trimona) erlaubt
40193;M-BK;08.12.2018;20:00;4066;HSG Leinfelden-Echterdingen;TSV Neuhausen/F. 1898 2;Sportpark Goldäcker;70771;Leinfelden-Echterdingen;Leinfelder Straße 101;;Regelung Haftmittelverbot: wasserlösliches Haftmittel (Grip4you, wird vom Heimverein gestellt) für Aktive und A-Jugend erlaubt, B-Jugend und jünger absolutes Haftmittelverbot
40199;M-BK;15.12.2018;20:00;4066;HSG Leinfelden-Echterdingen;TG Nürtingen;Sportpark Goldäcker;70771;Leinfelden-Echterdingen;Leinfelder Straße 101;;Regelung Haftmittelverbot: wasserlösliches Haftmittel (Grip4you, wird vom Heimverein gestellt) für Aktive und A-Jugend erlaubt, B-Jugend und jünger absolutes Haftmittelverbot
40208;M-BK;26.01.2019;20:00;4066;HSG Leinfelden-Echterdingen;TSV Wolfschlugen 2;Sportpark Goldäcker;70771;Leinfelden-Echterdingen;Leinfelder Straße 101;;Regelung Haftmittelverbot: wasserlösliches Haftmittel (Grip4you, wird vom Heimverein gestellt) für Aktive und A-Jugend erlaubt, B-Jugend und jünger absolutes Haftmittelverbot
40214;M-BK;02.02.2019;20:00;4068;TSV Weilheim;HSG Leinfelden-Echterdingen;Sporthalle an der Lindach;73235;Weilheim/Teck;Egelsbergstraße 1;;Regelung Haftmittelverbot: wasserlösliche Haftmittel erlaubt
40229;M-BK;23.02.2019;20:00;4066;HSG Leinfelden-Echterdingen;TSV Urach 1847;Sportpark Goldäcker;70771;Leinfelden-Echterdingen;Leinfelder Straße 101;;Regelung Haftmittelverbot: wasserlösliches Haftmittel (Grip4you, wird vom Heimverein gestellt) für Aktive und A-Jugend erlaubt, B-Jugend und jünger absolutes Haftmittelverbot
40234;M-BK;10.03.2019;14:45;4017;TSV Grabenstetten 1913 2;HSG Leinfelden-Echterdingen;Falkensteinhalle;72582;Grabenstetten;Böhringer Straße10/2;07382-7146;Regelung Haftmittelverbot: wasserlösliches Haftmittel (Select Profcare) für Männer, Frauen und A-Jugend erlaubt, sonst absolutes Haftmittelverbot
40242;M-BK;16.03.2019;20:00;4066;HSG Leinfelden-Echterdingen;TV Reichenbach 2;Sportpark Goldäcker;70771;Leinfelden-Echterdingen;Leinfelder Straße 101;;Regelung Haftmittelverbot: wasserlösliches Haftmittel (Grip4you, wird vom Heimverein gestellt) für Aktive und A-Jugend erlaubt, B-Jugend und jünger absolutes Haftmittelverbot
40243;M-BK;23.03.2019;18:10;5046;HT Uhingen-Holzhausen 2;HSG Leinfelden-Echterdingen;Haldenberghalle;73066;Uhingen;Panoramastraße 10;07161-93871-51;Regelung Haftmittelverbot: Dynamics Anti-Slip-Spray, Select Profcare erlaubt
40251;M-BK;30.03.2019;20:00;4066;HSG Leinfelden-Echterdingen;TSV Dettingen/Erms 2;Sportpark Goldäcker;70771;Leinfelden-Echterdingen;Leinfelder Straße 101;;Regelung Haftmittelverbot: wasserlösliches Haftmittel (Grip4you, wird vom Heimverein gestellt) für Aktive und A-Jugend erlaubt, B-Jugend und jünger absolutes Haftmittelverbot
40255;M-BK;06.04.2019;20:00;4066;HSG Leinfelden-Echterdingen;TEAM Esslingen 2;Sportpark Goldäcker;70771;Leinfelden-Echterdingen;Leinfelder Straße 101;;Regelung Haftmittelverbot: wasserlösliches Haftmittel (Grip4you, wird vom Heimverein gestellt) für Aktive und A-Jugend erlaubt, B-Jugend und jünger absolutes Haftmittelverbot
40259;M-BK;14.04.2019;17:00;4032;TSV Neuhausen/F. 1898 2;HSG Leinfelden-Echterdingen;Egelsee-Sporthalle 1;73765;Neuhausen/Filder;Rupert-Mayer-Straße 74;07158-64937;Regelung Haftmittelverbot: wasserlösliche Haftmittel für Aktive, sowie A- und B-Jugend erlaubt
202005;F-BWOL;08.09.2018;18:00;10107;TuS Steißlingen;HSG Leinfelden-Echterdingen;Sportpark Mindlestal;78256;Steißlingen;Mindlestal 6;07738-688;Absolutes Haftmittelverbot
202009;F-BWOL;16.09.2018;17:00;4066;HSG Leinfelden-Echterdingen;SG Heidelsheim/Helmsheim;Sportpark Goldäcker;70771;Leinfelden-Echterdingen;Leinfelder Straße 101;;Regelung Haftmittelverbot: wasserlösliches Haftmittel (Grip4you, wird vom Heimverein gestellt) für Aktive und A-Jugend erlaubt, B-Jugend und jünger absolutes Haftmittelverbot
202013;F-BWOL;22.09.2018;16:15;3058;VfL Waiblingen Handball 2;HSG Leinfelden-Echterdingen;Neue Staufer-Sporthalle;71332;Waiblingen;Mayenner Straße 30;07151-56815-679;Regelung Haftmittelverbot: wasserlösliches Haftmittel (Kempa) erlaubt
202019;F-BWOL;30.09.2018;17:00;4066;HSG Leinfelden-Echterdingen;SG Schozach-Bottwartal;Sportpark Goldäcker;70771;Leinfelden-Echterdingen;Leinfelder Straße 101;;Regelung Haftmittelverbot: wasserlösliches Haftmittel (Grip4you, wird vom Heimverein gestellt) für Aktive und A-Jugend erlaubt, B-Jugend und jünger absolutes Haftmittelverbot
202030;F-BWOL;03.10.2018;14:30;22021;SG Nußloch;HSG Leinfelden-Echterdingen;Olympiahalle;69226;Nußloch;Kurpfalzstraße 75;06224-171276;Regelung Haftmittelverbot: 1. Frauen BL & 1. Herren 3.Liga, 2.Herren 1. Kreisliga erlaubt
202035;F-BWOL;07.10.2018;16:30;10087;SV Allensbach 2;HSG Leinfelden-Echterdingen;Riesenberg Sporthalle;78476;Allensbach-Kaltbrunn;Zum Riesenberg;07533-80176;Absolutes Haftmittelverbot
202041;F-BWOL;14.10.2018;17:00;4066;HSG Leinfelden-Echterdingen;TSV Wolfschlugen;Sportpark Goldäcker;70771;Leinfelden-Echterdingen;Leinfelder Straße 101;;Regelung Haftmittelverbot: wasserlösliches Haftmittel (Grip4you, wird vom Heimverein gestellt) für Aktive und A-Jugend erlaubt, B-Jugend und jünger absolutes Haftmittelverbot
202055;F-BWOL;27.10.2018;18:00;4066;HSG Leinfelden-Echterdingen;HSG Mannheim;Sportpark Goldäcker;70771;Leinfelden-Echterdingen;Leinfelder Straße 101;;Regelung Haftmittelverbot: wasserlösliches Haftmittel (Grip4you, wird vom Heimverein gestellt) für Aktive und A-Jugend erlaubt, B-Jugend und jünger absolutes Haftmittelverbot
202058;F-BWOL;03.11.2018;18:00;4066;HSG Leinfelden-Echterdingen;TSV Heiningen 1892;Sportpark Goldäcker;70771;Leinfelden-Echterdingen;Leinfelder Straße 101;;Regelung Haftmittelverbot: wasserlösliches Haftmittel (Grip4you, wird vom Heimverein gestellt) für Aktive und A-Jugend erlaubt, B-Jugend und jünger absolutes Haftmittelverbot
202065;F-BWOL;11.11.2018;16:00;2056;HSG Strohgäu;HSG Leinfelden-Echterdingen;Felsenberghalle;71701;Schwieberdingen;Markgröninger Straße 31;07150-397454;Regelung Haftmittelverbot: wasserlösliches Haftmittel (Select Profcare) erlaubt
202070;F-BWOL;17.11.2018;18:00;4066;HSG Leinfelden-Echterdingen;TSV Bönnigheim;Sportpark Goldäcker;70771;Leinfelden-Echterdingen;Leinfelder Straße 101;;Regelung Haftmittelverbot: wasserlösliches Haftmittel (Grip4you, wird vom Heimverein gestellt) für Aktive und A-Jugend erlaubt, B-Jugend und jünger absolutes Haftmittelverbot
202175;F-BWOL;01.12.2018;19:00;5023;TPSG Frisch Auf Göppingen 2;HSG Leinfelden-Echterdingen;EWS Arena;73033;Göppingen;Nördliche Ringstraße 87;07161-24995;Regelung Haftmittelverbot: wasserlösliches Haftmittel (Trimona Handballwax) erlaubt
202087;F-BWOL;09.12.2018;15:00;22011;HSG St. Leon/Reilingen;HSG Leinfelden-Echterdingen;Sportzentrum Harres;68789;St. Leon-Rot;An der Autobahn 60;;Haftmittel erlaubt
202096;F-BWOL;15.12.2018;18:00;4066;HSG Leinfelden-Echterdingen;TuS Steißlingen;Sportpark Goldäcker;70771;Leinfelden-Echterdingen;Leinfelder Straße 101;;Regelung Haftmittelverbot: wasserlösliches Haftmittel (Grip4you, wird vom Heimverein gestellt) für Aktive und A-Jugend erlaubt, B-Jugend und jünger absolutes Haftmittelverbot
202100;F-BWOL;22.12.2018;19:30;21004;SG Heidelsheim/Helmsheim;HSG Leinfelden-Echterdingen;Sporthalle beim Hallenbad;76646;Bruchsal;Schwetzinger Straße;07251-84362;Regelung Haftmittelverbot: wasserlösliche Haftmittel erlaubt
202104;F-BWOL;26.01.2019;18:00;4066;HSG Leinfelden-Echterdingen;VfL Waiblingen Handball 2;Sportpark Goldäcker;70771;Leinfelden-Echterdingen;Leinfelder Straße 101;;Regelung Haftmittelverbot: wasserlösliches Haftmittel (Grip4you, wird vom Heimverein gestellt) für Aktive und A-Jugend erlaubt, B-Jugend und jünger absolutes Haftmittelverbot
202110;F-BWOL;02.02.2019;18:00;1008;SG Schozach-Bottwartal;HSG Leinfelden-Echterdingen;Langhanshalle;71717;Beilstein;Albert-Einstein-Straße 20;07062-3232;Regelung Haftmittelverbot: wasserlösliche Haftmittel erlaubt
202121;F-BWOL;09.02.2019;18:00;4066;HSG Leinfelden-Echterdingen;SG Nußloch;Sportpark Goldäcker;70771;Leinfelden-Echterdingen;Leinfelder Straße 101;;Regelung Haftmittelverbot: wasserlösliches Haftmittel (Grip4you, wird vom Heimverein gestellt) für Aktive und A-Jugend erlaubt, B-Jugend und jünger absolutes Haftmittelverbot
202126;F-BWOL;16.02.2019;18:00;4066;HSG Leinfelden-Echterdingen;SV Allensbach 2;Sportpark Goldäcker;70771;Leinfelden-Echterdingen;Leinfelder Straße 101;;Regelung Haftmittelverbot: wasserlösliches Haftmittel (Grip4you, wird vom Heimverein gestellt) für Aktive und A-Jugend erlaubt, B-Jugend und jünger absolutes Haftmittelverbot
202132;F-BWOL;23.02.2019;18:00;4058;TSV Wolfschlugen;HSG Leinfelden-Echterdingen;Sporthalle beim Sportzentrum;72649;Wolfschlugen;Nürtinger Straße 77;07022-500535;Regelung Haftmittelverbot: wasserlösliche Haftmittel erlaubt
202146;F-BWOL;16.03.2019;17:00;24030;HSG Mannheim;HSG Leinfelden-Echterdingen;Richard-Möll-Halle;68239;Mannheim;Innerer Heckweg 4;;Regelung Haftmittelverbot: 1. Frauen BWOL Haftspray wasserlöslich erlaubt
202149;F-BWOL;23.03.2019;17:45;5030;TSV Heiningen 1892;HSG Leinfelden-Echterdingen;Voralbhalle;73092;Heiningen;Krautgarten 1;07161-40917;Regelung Haftmittelverbot: wasserlösliche Haftmittel erlaubt
202156;F-BWOL;30.03.2019;18:00;4066;HSG Leinfelden-Echterdingen;HSG Strohgäu;Sportpark Goldäcker;70771;Leinfelden-Echterdingen;Leinfelder Straße 101;;Regelung Haftmittelverbot: wasserlösliches Haftmittel (Grip4you, wird vom Heimverein gestellt) für Aktive und A-Jugend erlaubt, B-Jugend und jünger absolutes Haftmittelverbot
202161;F-BWOL;07.04.2019;16:45;2014;TSV Bönnigheim;HSG Leinfelden-Echterdingen;Sporthalle1 Bönnigheim;74357;Bönnigheim;Schulstraße;07143-8852-50;Regelung Haftmittelverbot: wasserlösliches Haftmittel (Select Profcare) erlaubt
202084;F-BWOL;27.04.2019;19:30;4066;HSG Leinfelden-Echterdingen;TPSG Frisch Auf Göppingen 2;Sportpark Goldäcker;70771;Leinfelden-Echterdingen;Leinfelder Straße 101;;Regelung Haftmittelverbot: wasserlösliches Haftmittel (Grip4you, wird vom Heimverein gestellt) für Aktive und A-Jugend erlaubt, B-Jugend und jünger absolutes Haftmittelverbot
202178;F-BWOL;04.05.2019;19:30;4066;HSG Leinfelden-Echterdingen;HSG St. Leon/Reilingen;Sportpark Goldäcker;70771;Leinfelden-Echterdingen;Leinfelder Straße 101;;Regelung Haftmittelverbot: wasserlösliches Haftmittel (Grip4you, wird vom Heimverein gestellt) für Aktive und A-Jugend erlaubt, B-Jugend und jünger absolutes Haftmittelverbot
40426;M-KLB-1;15.09.2018;20:00;4051;SG Ober-/Unterlenningen 2;HSG Leinfelden-Echterdingen 2;Sporthalle;73252;Lenningen-Unterlenningen;Pouilly-en-Auxois-Platz 1;07026-5595;Regelung Haftmittelverbot: wasserlösliches Haftmittel (Select Profcare) erlaubt
40398;M-KLB-1;22.09.2018;16:00;4066;HSG Leinfelden-Echterdingen 2;SG Ober-/Unterlenningen 2;Sportpark Goldäcker;70771;Leinfelden-Echterdingen;Leinfelder Straße 101;;Regelung Haftmittelverbot: wasserlösliches Haftmittel (Grip4you, wird vom Heimverein gestellt) für Aktive und A-Jugend erlaubt, B-Jugend und jünger absolutes Haftmittelverbot
40401;M-KLB-1;29.09.2018;17:30;4013;HSG Ebersbach/Bünzwangen 3;HSG Leinfelden-Echterdingen 2;Raichberghalle;73061;Ebersbach/Fils;Bünzwanger Straße 35;07163-3600;Regelung Haftmittelverbot: wasserlösliches Haftmittel (Select Profcare) erlaubt
40407;M-KLB-1;06.10.2018;18:00;4066;HSG Leinfelden-Echterdingen 2;TSV Owen/Teck 2;Sportpark Goldäcker;70771;Leinfelden-Echterdingen;Leinfelder Straße 101;;Regelung Haftmittelverbot: wasserlösliches Haftmittel (Grip4you, wird vom Heimverein gestellt) für Aktive und A-Jugend erlaubt, B-Jugend und jünger absolutes Haftmittelverbot
40405;M-KLB-1;13.10.2018;14:30;4027;TSV Neckartenzlingen 2;HSG Leinfelden-Echterdingen 2;Richard-Hirschmann-Halle;72654;Neckartenzlingen;Auwiesen;07127-180155;Regelung Haftmittelverbot: wasserlösliche Haftmittel erlaubt
40410;M-KLB-1;28.10.2018;17:00;4002;TSV Urach 1847 2;HSG Leinfelden-Echterdingen 2;Ermstalhalle;72574;Bad Urach;Immanuel-Kant-Straße 28;07125-14400;Regelung Haftmittelverbot: wasserlösliche Haftmittel erlaubt
40417;M-KLB-1;01.11.2018;16:00;4011;TSV Dettingen/Erms 3;HSG Leinfelden-Echterdingen 2;Sporthalle Neuwiesen;72581;Dettingen/Erms;Hülbener Straße 110;07123-87735;Regelung Haftmittelverbot: Aktive und A-Jugend: Trimona erlaubt, für die restl Jugend besteht absolutes Haftmittelverbot
40411;M-KLB-1;04.11.2018;15:00;4066;HSG Leinfelden-Echterdingen 2;TSV Grabenstetten 1913 3;Sportpark Goldäcker;70771;Leinfelden-Echterdingen;Leinfelder Straße 101;;Regelung Haftmittelverbot: wasserlösliches Haftmittel (Grip4you, wird vom Heimverein gestellt) für Aktive und A-Jugend erlaubt, B-Jugend und jünger absolutes Haftmittelverbot
40429;M-KLB-1;27.01.2019;15:00;4066;HSG Leinfelden-Echterdingen 2;HSG Ebersbach/Bünzwangen 3;Sportpark Goldäcker;70771;Leinfelden-Echterdingen;Leinfelder Straße 101;;Regelung Haftmittelverbot: wasserlösliches Haftmittel (Grip4you, wird vom Heimverein gestellt) für Aktive und A-Jugend erlaubt, B-Jugend und jünger absolutes Haftmittelverbot
40433;M-KLB-1;09.02.2019;20:00;4066;HSG Leinfelden-Echterdingen 2;TSV Neckartenzlingen 2;Sportpark Goldäcker;70771;Leinfelden-Echterdingen;Leinfelder Straße 101;;Regelung Haftmittelverbot: wasserlösliches Haftmittel (Grip4you, wird vom Heimverein gestellt) für Aktive und A-Jugend erlaubt, B-Jugend und jünger absolutes Haftmittelverbot
40435;M-KLB-1;16.02.2019;18:00;4038;TSV Owen/Teck 2;HSG Leinfelden-Echterdingen 2;Teckhalle;73277;Owen/Teck;Rinnenweg 5/2;07021-958691;Regelung Haftmittelverbot: wasserlösliche Haftmittel erlaubt
40438;M-KLB-1;23.02.2019;18:00;4066;HSG Leinfelden-Echterdingen 2;TSV Urach 1847 2;Sportpark Goldäcker;70771;Leinfelden-Echterdingen;Leinfelder Straße 101;;Regelung Haftmittelverbot: wasserlösliches Haftmittel (Grip4you, wird vom Heimverein gestellt) für Aktive und A-Jugend erlaubt, B-Jugend und jünger absolutes Haftmittelverbot
40439;M-KLB-1;09.03.2019;20:00;4017;TSV Grabenstetten 1913 3;HSG Leinfelden-Echterdingen 2;Falkensteinhalle;72582;Grabenstetten;Böhringer Straße10/2;07382-7146;Regelung Haftmittelverbot: wasserlösliches Haftmittel (Select Profcare) für Männer, Frauen und A-Jugend erlaubt, sonst absolutes Haftmittelverbot
40445;M-KLB-1;31.03.2019;15:00;4066;HSG Leinfelden-Echterdingen 2;TSV Dettingen/Erms 3;Sportpark Goldäcker;70771;Leinfelden-Echterdingen;Leinfelder Straße 101;;Regelung Haftmittelverbot: wasserlösliches Haftmittel (Grip4you, wird vom Heimverein gestellt) für Aktive und A-Jugend erlaubt, B-Jugend und jünger absolutes Haftmittelverbot
40545;M-KLC-1;16.09.2018;15:00;4066;HSG Leinfelden-Echterdingen 3;TSG Münsingen;Sportpark Goldäcker;70771;Leinfelden-Echterdingen;Leinfelder Straße 101;;Regelung Haftmittelverbot: wasserlösliches Haftmittel (Grip4you, wird vom Heimverein gestellt) für Aktive und A-Jugend erlaubt, B-Jugend und jünger absolutes Haftmittelverbot
40527;M-KLC-1;04.11.2018;11:30;4035;TSV Zizishausen 3;HSG Leinfelden-Echterdingen 3;Theodor-Eisenlohr-Sporthalle;72622;Nürtingen;Mühlstraße 25;07022-37388;Regelung Haftmittelverbot: wasserlösliche Haftmittel (Select Profcare) erlaubt
40531;M-KLC-1;10.11.2018;18:00;4066;HSG Leinfelden-Echterdingen 3;VfL Kirchheim 3;Sportpark Goldäcker;70771;Leinfelden-Echterdingen;Leinfelder Straße 101;;Regelung Haftmittelverbot: wasserlösliches Haftmittel (Grip4you, wird vom Heimverein gestellt) für Aktive und A-Jugend erlaubt, B-Jugend und jünger absolutes Haftmittelverbot
40533;M-KLC-1;17.11.2018;16:15;4016;TEAM Esslingen 3;HSG Leinfelden-Echterdingen 3;Schelztor-Sporthalle;73728;Esslingen;Schelztorstraße 4;0711-3512-2505;Regelung Haftmittelverbot: wasserlösliche Haftmittel (Trimona) erlaubt
40538;M-KLC-1;24.11.2018;18:00;4066;HSG Leinfelden-Echterdingen 3;TB Neuffen 2;Sportpark Goldäcker;70771;Leinfelden-Echterdingen;Leinfelder Straße 101;;Regelung Haftmittelverbot: wasserlösliches Haftmittel (Grip4you, wird vom Heimverein gestellt) für Aktive und A-Jugend erlaubt, B-Jugend und jünger absolutes Haftmittelverbot
40543;M-KLC-1;08.12.2018;18:00;4066;HSG Leinfelden-Echterdingen 3;SG Ober-/Unterlenningen 3;Sportpark Goldäcker;70771;Leinfelden-Echterdingen;Leinfelder Straße 101;;Regelung Haftmittelverbot: wasserlösliches Haftmittel (Grip4you, wird vom Heimverein gestellt) für Aktive und A-Jugend erlaubt, B-Jugend und jünger absolutes Haftmittelverbot
40509;M-KLC-1;15.12.2018;19:00;4026;TSG Münsingen;HSG Leinfelden-Echterdingen 3;Beutenlay-Sporthalle;72525;Münsingen;Beutenlaystraße;07381-182220;Absolutes Haftmittelverbot
40562;M-KLC-1;10.02.2019;17:00;4011;TSV Dettingen/Erms 4;HSG Leinfelden-Echterdingen 3;Sporthalle Neuwiesen;72581;Dettingen/Erms;Hülbener Straße 110;07123-87735;Regelung Haftmittelverbot: Aktive und A-Jugend: Trimona erlaubt, für die restl Jugend besteht absolutes Haftmittelverbot
40526;M-KLC-1;23.02.2019;14:00;4066;HSG Leinfelden-Echterdingen 3;TSV Dettingen/Erms 4;Sportpark Goldäcker;70771;Leinfelden-Echterdingen;Leinfelder Straße 101;;Regelung Haftmittelverbot: wasserlösliches Haftmittel (Grip4you, wird vom Heimverein gestellt) für Aktive und A-Jugend erlaubt, B-Jugend und jünger absolutes Haftmittelverbot
40563;M-KLC-1;10.03.2019;15:00;4066;HSG Leinfelden-Echterdingen 3;TSV Zizishausen 3;Sportpark Goldäcker;70771;Leinfelden-Echterdingen;Leinfelder Straße 101;;Regelung Haftmittelverbot: wasserlösliches Haftmittel (Grip4you, wird vom Heimverein gestellt) für Aktive und A-Jugend erlaubt, B-Jugend und jünger absolutes Haftmittelverbot
40567;M-KLC-1;17.03.2019;15:00;4020;VfL Kirchheim 3;HSG Leinfelden-Echterdingen 3;Walter-Jacob-Halle;73230;Kirchheim/Teck;Jesinger Halde 1;;Absolutes Haftmittelverbot
40569;M-KLC-1;23.03.2019;18:00;4066;HSG Leinfelden-Echterdingen 3;TEAM Esslingen 3;Sportpark Goldäcker;70771;Leinfelden-Echterdingen;Leinfelder Straße 101;;Regelung Haftmittelverbot: wasserlösliches Haftmittel (Grip4you, wird vom Heimverein gestellt) für Aktive und A-Jugend erlaubt, B-Jugend und jünger absolutes Haftmittelverbot
40574;M-KLC-1;30.03.2019;14:30;4031;TB Neuffen 2;HSG Leinfelden-Echterdingen 3;TB-Sporthalle beim Schulzentrum Halde;72639;Neuffen;Hohenzollernstraße 28;;Regelung Haftmittelverbot: wasserlösliches Haftmittel erlaubt
40579;M-KLC-1;13.04.2019;17:30;4051;SG Ober-/Unterlenningen 3;HSG Leinfelden-Echterdingen 3;Sporthalle;73252;Lenningen-Unterlenningen;Pouilly-en-Auxois-Platz 1;07026-5595;Regelung Haftmittelverbot: wasserlösliches Haftmittel (Select Profcare) erlaubt
40585;M-KLC-2;29.09.2018;17:30;4052;SV Vaihingen 3;HSG Leinfelden-Echterdingen 4;Sporthalle Hegel-Gymnasium;70563;Stuttgart-Vaihingen;Robert-Koch-Straße 90;0711-7351189;Regelung Haftmittelverbot: wasserlösliche Haftmittel nur für Männer/Frauen erlaubt sonst Haftmittelverbot
40611;M-KLC-2;03.10.2018;15:45;4004;EK Bernhausen 2;HSG Leinfelden-Echterdingen 4;Eduard-Spranger-Halle;70794;Filderstadt-Bernhausen;Tübinger Straße 96;0711-7003338;Regelung Haftmittelverbot: wasserlösliches Haftmittel (Select Profcare) erlaubt
40591;M-KLC-2;13.10.2018;17:00;4004;HB Filderstadt 2;HSG Leinfelden-Echterdingen 4;Eduard-Spranger-Halle;70794;Filderstadt-Bernhausen;Tübinger Straße 96;0711-7003338;Regelung Haftmittelverbot: wasserlösliches Haftmittel (Select Profcare) erlaubt
40596;M-KLC-2;28.10.2018;15:00;4049;SG Esslingen 2;HSG Leinfelden-Echterdingen 4;Sporthalle;73733;Esslingen-Sulzgries;Kornhalde;0711-371358;Regelung Haftmittelverbot: wasserlösliches Haftmittel (Trimona) erlaubt
40600;M-KLC-2;04.11.2018;17:00;4066;HSG Leinfelden-Echterdingen 4;TSV Deizisau 3;Sportpark Goldäcker;70771;Leinfelden-Echterdingen;Leinfelder Straße 101;;Regelung Haftmittelverbot: wasserlösliches Haftmittel (Grip4you, wird vom Heimverein gestellt) für Aktive und A-Jugend erlaubt, B-Jugend und jünger absolutes Haftmittelverbot
40605;M-KLC-2;18.11.2018;15:00;4066;HSG Leinfelden-Echterdingen 4;HT Uhingen-Holzhausen 3;Sportpark Goldäcker;70771;Leinfelden-Echterdingen;Leinfelder Straße 101;;Regelung Haftmittelverbot: wasserlösliches Haftmittel (Grip4you, wird vom Heimverein gestellt) für Aktive und A-Jugend erlaubt, B-Jugend und jünger absolutes Haftmittelverbot
40613;M-KLC-2;08.12.2018;16:00;4066;HSG Leinfelden-Echterdingen 4;TSV Neuhausen/F. 1898 3;Sportpark Goldäcker;70771;Leinfelden-Echterdingen;Leinfelder Straße 101;;Regelung Haftmittelverbot: wasserlösliches Haftmittel (Grip4you, wird vom Heimverein gestellt) für Aktive und A-Jugend erlaubt, B-Jugend und jünger absolutes Haftmittelverbot
40621;M-KLC-2;27.01.2019;17:00;4066;HSG Leinfelden-Echterdingen 4;SV Vaihingen 3;Sportpark Goldäcker;70771;Leinfelden-Echterdingen;Leinfelder Straße 101;;Regelung Haftmittelverbot: wasserlösliches Haftmittel (Grip4you, wird vom Heimverein gestellt) für Aktive und A-Jugend erlaubt, B-Jugend und jünger absolutes Haftmittelverbot
40627;M-KLC-2;10.02.2019;11:00;4066;HSG Leinfelden-Echterdingen 4;HB Filderstadt 2;Sportpark Goldäcker;70771;Leinfelden-Echterdingen;Leinfelder Straße 101;;Regelung Haftmittelverbot: wasserlösliches Haftmittel (Grip4you, wird vom Heimverein gestellt) für Aktive und A-Jugend erlaubt, B-Jugend und jünger absolutes Haftmittelverbot
40632;M-KLC-2;24.02.2019;11:00;4066;HSG Leinfelden-Echterdingen 4;SG Esslingen 2;Sportpark Goldäcker;70771;Leinfelden-Echterdingen;Leinfelder Straße 101;;Regelung Haftmittelverbot: wasserlösliches Haftmittel (Grip4you, wird vom Heimverein gestellt) für Aktive und A-Jugend erlaubt, B-Jugend und jünger absolutes Haftmittelverbot
40636;M-KLC-2;09.03.2019;13:00;4007;TSV Deizisau 3;HSG Leinfelden-Echterdingen 4;Hermann-Ertinger-Sporthalle;73779;Deizisau;Altbacher Straße 9;07153-22716;Regelung Haftmittelverbot: wasserlösliche Haftmittel erlaubt
40641;M-KLC-2;23.03.2019;16:20;5046;HT Uhingen-Holzhausen 3;HSG Leinfelden-Echterdingen 4;Haldenberghalle;73066;Uhingen;Panoramastraße 10;07161-93871-51;Regelung Haftmittelverbot: Dynamics Anti-Slip-Spray, Select Profcare erlaubt
40647;M-KLC-2;06.04.2019;16:00;4066;HSG Leinfelden-Echterdingen 4;EK Bernhausen 2;Sportpark Goldäcker;70771;Leinfelden-Echterdingen;Leinfelder Straße 101;;Regelung Haftmittelverbot: wasserlösliches Haftmittel (Grip4you, wird vom Heimverein gestellt) für Aktive und A-Jugend erlaubt, B-Jugend und jünger absolutes Haftmittelverbot
40649;M-KLC-2;14.04.2019;13:00;4032;TSV Neuhausen/F. 1898 3;HSG Leinfelden-Echterdingen 4;Egelsee-Sporthalle 1;73765;Neuhausen/Filder;Rupert-Mayer-Straße 74;07158-64937;Regelung Haftmittelverbot: wasserlösliche Haftmittel für Aktive, sowie A- und B-Jugend erlaubt
41109;M-Pok-B;08.09.2018;18:00;4066;HSG Leinfelden-Echterdingen;SKV Unterensingen 2;Sportpark Goldäcker;70771;Leinfelden-Echterdingen;Leinfelder Straße 101;;Regelung Haftmittelverbot: wasserlösliches Haftmittel (Grip4you, wird vom Heimverein gestellt) für Aktive und A-Jugend erlaubt, B-Jugend und jünger absolutes Haftmittelverbot
40785;F-BK;15.09.2018;20:00;4001;TV Altbach;HSG Leinfelden-Echterdingen 3;Sporthalle;73776;Altbach;Esslinger Strasse 90;07153-21550;Regelung Haftmittelverbot: wasserlösliches Haftmittel (Select Profcare) erlaubt
40794;F-BK;30.09.2018;15:00;4013;HSG Ebersbach/Bünzwangen 2;HSG Leinfelden-Echterdingen 3;Raichberghalle;73061;Ebersbach/Fils;Bünzwanger Straße 35;07163-3600;Regelung Haftmittelverbot: wasserlösliches Haftmittel (Select Profcare) erlaubt
40800;F-BK;06.10.2018;14:00;4066;HSG Leinfelden-Echterdingen 3;TSV Weilheim 2;Sportpark Goldäcker;70771;Leinfelden-Echterdingen;Leinfelder Straße 101;;Regelung Haftmittelverbot: wasserlösliches Haftmittel (Grip4you, wird vom Heimverein gestellt) für Aktive und A-Jugend erlaubt, B-Jugend und jünger absolutes Haftmittelverbot
40805;F-BK;13.10.2018;17:45;4027;TSV Neckartenzlingen;HSG Leinfelden-Echterdingen 3;Richard-Hirschmann-Halle;72654;Neckartenzlingen;Auwiesen;07127-180155;Regelung Haftmittelverbot: wasserlösliche Haftmittel erlaubt
40815;F-BK;28.10.2018;14:00;4023;TSV Köngen 2;HSG Leinfelden-Echterdingen 3;Sporthalle bei der Burgschule;73257;Köngen;Burgweg;;Regelung Haftmittelverbot: nur das vom Verein gestellte Haftmittel
40811;F-BK;01.11.2018;14:00;4066;HSG Leinfelden-Echterdingen 3;SV Vaihingen 2;Sportpark Goldäcker;70771;Leinfelden-Echterdingen;Leinfelder Straße 101;;Regelung Haftmittelverbot: wasserlösliches Haftmittel (Grip4you, wird vom Heimverein gestellt) für Aktive und A-Jugend erlaubt, B-Jugend und jünger absolutes Haftmittelverbot
40819;F-BK;04.11.2018;11:00;4066;HSG Leinfelden-Echterdingen 3;SG Hegensberg-Liebersbronn 2;Sportpark Goldäcker;70771;Leinfelden-Echterdingen;Leinfelder Straße 101;;Regelung Haftmittelverbot: wasserlösliches Haftmittel (Grip4you, wird vom Heimverein gestellt) für Aktive und A-Jugend erlaubt, B-Jugend und jünger absolutes Haftmittelverbot
40829;F-BK;18.11.2018;17:00;4066;HSG Leinfelden-Echterdingen 3;TSV Dettingen/Erms;Sportpark Goldäcker;70771;Leinfelden-Echterdingen;Leinfelder Straße 101;;Regelung Haftmittelverbot: wasserlösliches Haftmittel (Grip4you, wird vom Heimverein gestellt) für Aktive und A-Jugend erlaubt, B-Jugend und jünger absolutes Haftmittelverbot
40838;F-BK;24.11.2018;17:30;4020;VfL Kirchheim;HSG Leinfelden-Echterdingen 3;Walter-Jacob-Halle;73230;Kirchheim/Teck;Jesinger Halde 1;;Absolutes Haftmittelverbot
40843;F-BK;01.12.2018;16:15;4016;TEAM Esslingen;HSG Leinfelden-Echterdingen 3;Schelztor-Sporthalle;73728;Esslingen;Schelztorstraße 4;0711-3512-2505;Regelung Haftmittelverbot: wasserlösliche Haftmittel (Trimona) erlaubt
40790;F-BK;08.12.2018;14:00;4066;HSG Leinfelden-Echterdingen 3;TV Plieningen;Sportpark Goldäcker;70771;Leinfelden-Echterdingen;Leinfelder Straße 101;;Regelung Haftmittelverbot: wasserlösliches Haftmittel (Grip4you, wird vom Heimverein gestellt) für Aktive und A-Jugend erlaubt, B-Jugend und jünger absolutes Haftmittelverbot
40851;F-BK;15.12.2018;14:00;4066;HSG Leinfelden-Echterdingen 3;TV Altbach;Sportpark Goldäcker;70771;Leinfelden-Echterdingen;Leinfelder Straße 101;;Regelung Haftmittelverbot: wasserlösliches Haftmittel (Grip4you, wird vom Heimverein gestellt) für Aktive und A-Jugend erlaubt, B-Jugend und jünger absolutes Haftmittelverbot
40860;F-BK;26.01.2019;14:00;4066;HSG Leinfelden-Echterdingen 3;HSG Ebersbach/Bünzwangen 2;Sportpark Goldäcker;70771;Leinfelden-Echterdingen;Leinfelder Straße 101;;Regelung Haftmittelverbot: wasserlösliches Haftmittel (Grip4you, wird vom Heimverein gestellt) für Aktive und A-Jugend erlaubt, B-Jugend und jünger absolutes Haftmittelverbot
40866;F-BK;02.02.2019;18:00;4068;TSV Weilheim 2;HSG Leinfelden-Echterdingen 3;Sporthalle an der Lindach;73235;Weilheim/Teck;Egelsbergstraße 1;;Regelung Haftmittelverbot: wasserlösliche Haftmittel erlaubt
40871;F-BK;10.02.2019;13:00;4066;HSG Leinfelden-Echterdingen 3;TSV Neckartenzlingen;Sportpark Goldäcker;70771;Leinfelden-Echterdingen;Leinfelder Straße 101;;Regelung Haftmittelverbot: wasserlösliches Haftmittel (Grip4you, wird vom Heimverein gestellt) für Aktive und A-Jugend erlaubt, B-Jugend und jünger absolutes Haftmittelverbot
40877;F-BK;16.02.2019;13:30;4052;SV Vaihingen 2;HSG Leinfelden-Echterdingen 3;Sporthalle Hegel-Gymnasium;70563;Stuttgart-Vaihingen;Robert-Koch-Straße 90;0711-7351189;Regelung Haftmittelverbot: wasserlösliche Haftmittel nur für Männer/Frauen erlaubt sonst Haftmittelverbot
40881;F-BK;24.02.2019;13:00;4066;HSG Leinfelden-Echterdingen 3;TSV Köngen 2;Sportpark Goldäcker;70771;Leinfelden-Echterdingen;Leinfelder Straße 101;;Regelung Haftmittelverbot: wasserlösliches Haftmittel (Grip4you, wird vom Heimverein gestellt) für Aktive und A-Jugend erlaubt, B-Jugend und jünger absolutes Haftmittelverbot
40885;F-BK;10.03.2019;18:00;4070;SG Hegensberg-Liebersbronn 2;HSG Leinfelden-Echterdingen 3;Sporthalle Römerstraße;73732;Esslingen;Römerstraße 11;;Regelung Haftmittelverbot: wasserlösliche Haftmittel erlaubt
40895;F-BK;23.03.2019;18:00;4011;TSV Dettingen/Erms;HSG Leinfelden-Echterdingen 3;Sporthalle Neuwiesen;72581;Dettingen/Erms;Hülbener Straße 110;07123-87735;Regelung Haftmittelverbot: Aktive und A-Jugend: Trimona erlaubt, für die restl Jugend besteht absolutes Haftmittelverbot
40904;F-BK;31.03.2019;17:00;4066;HSG Leinfelden-Echterdingen 3;VfL Kirchheim;Sportpark Goldäcker;70771;Leinfelden-Echterdingen;Leinfelder Straße 101;;Regelung Haftmittelverbot: wasserlösliches Haftmittel (Grip4you, wird vom Heimverein gestellt) für Aktive und A-Jugend erlaubt, B-Jugend und jünger absolutes Haftmittelverbot
40909;F-BK;06.04.2019;14:00;4066;HSG Leinfelden-Echterdingen 3;TEAM Esslingen;Sportpark Goldäcker;70771;Leinfelden-Echterdingen;Leinfelder Straße 101;;Regelung Haftmittelverbot: wasserlösliches Haftmittel (Grip4you, wird vom Heimverein gestellt) für Aktive und A-Jugend erlaubt, B-Jugend und jünger absolutes Haftmittelverbot
40856;F-BK;13.04.2019;20:00;3030;TV Plieningen;HSG Leinfelden-Echterdingen 3;Sporthalle;70599;Stuttgart-Plieningen;Im Wolfer 36;0711-456492;Absolutes Haftmittelverbot
96598;F-LL-2;16.09.2018;17:00;4035;TG Nürtingen 2;HSG Leinfelden-Echterdingen 2;Theodor-Eisenlohr-Sporthalle;72622;Nürtingen;Mühlstraße 25;07022-37388;Regelung Haftmittelverbot: wasserlösliche Haftmittel (Select Profcare) erlaubt
96607;F-LL-2;29.09.2018;19:30;4052;SV Vaihingen;HSG Leinfelden-Echterdingen 2;Sporthalle Hegel-Gymnasium;70563;Stuttgart-Vaihingen;Robert-Koch-Straße 90;0711-7351189;Regelung Haftmittelverbot: wasserlösliche Haftmittel nur für Männer/Frauen erlaubt sonst Haftmittelverbot
96613;F-LL-2;06.10.2018;16:00;4066;HSG Leinfelden-Echterdingen 2;HSG Cannstatt/Münster/Max-Eyth-See;Sportpark Goldäcker;70771;Leinfelden-Echterdingen;Leinfelder Straße 101;;Regelung Haftmittelverbot: wasserlösliches Haftmittel (Grip4you, wird vom Heimverein gestellt) für Aktive und A-Jugend erlaubt, B-Jugend und jünger absolutes Haftmittelverbot
96620;F-LL-2;14.10.2018;16:00;3038;SG Schorndorf 1846;HSG Leinfelden-Echterdingen 2;Sporthalle Grauhalde;73614;Schorndorf;Rehhaldenweg 10;07181-600681;Regelung Haftmittelverbot: Aktive auf/über Verbandsebene: wasserlösliches Haftmittel (Select Profcare) erlaubt, sonst Haftmittelverbot
96628;F-LL-2;27.10.2018;19:00;3060;HSG Winterbach/Weiler;HSG Leinfelden-Echterdingen 2;Bronnbachhalle;73614;Schorndorf-Weiler;Jahnstraße;07181-41123;Absolutes Haftmittelverbot
96625;F-LL-2;01.11.2018;16:00;4066;HSG Leinfelden-Echterdingen 2;HSG Nendingen/Tuttlingen/Wurmlingen;Sportpark Goldäcker;70771;Leinfelden-Echterdingen;Leinfelder Straße 101;;Regelung Haftmittelverbot: wasserlösliches Haftmittel (Grip4you, wird vom Heimverein gestellt) für Aktive und A-Jugend erlaubt, B-Jugend und jünger absolutes Haftmittelverbot
96634;F-LL-2;03.11.2018;16:00;4066;HSG Leinfelden-Echterdingen 2;TG Schömberg;Sportpark Goldäcker;70771;Leinfelden-Echterdingen;Leinfelder Straße 101;;Regelung Haftmittelverbot: wasserlösliches Haftmittel (Grip4you, wird vom Heimverein gestellt) für Aktive und A-Jugend erlaubt, B-Jugend und jünger absolutes Haftmittelverbot
96642;F-LL-2;10.11.2018;19:30;7017;HSG Hossingen-Meßstetten;HSG Leinfelden-Echterdingen 2;Heuberghalle;72469;Meßstetten;Wildensteinstraße 23;07431-62960;Regelung Haftmittelverbot: Trimona Handball Spraywax
96643;F-LL-2;17.11.2018;16:00;4066;HSG Leinfelden-Echterdingen 2;WSG Alfdorf/Lorch/Waldhausen;Sportpark Goldäcker;70771;Leinfelden-Echterdingen;Leinfelder Straße 101;;Regelung Haftmittelverbot: wasserlösliches Haftmittel (Grip4you, wird vom Heimverein gestellt) für Aktive und A-Jugend erlaubt, B-Jugend und jünger absolutes Haftmittelverbot
96651;F-LL-2;24.11.2018;20:00;7009;HSG Albstadt;HSG Leinfelden-Echterdingen 2;Mazmannhalle;72458;Albstadt-Ebingen;Gymnasiumstraße 9;07431-52171;Regelung Haftmittelverbot: wasserlösliche Haftmittel (Trimona oder Select Profcare) erlaubt
96657;F-LL-2;01.12.2018;18:00;3002;SG Weinstadt;HSG Leinfelden-Echterdingen 2;Sporthalle;71384;Weinstadt-Beutelsbach;Im Obenhinaus 5;07151-68488;Regelung Haftmittelverbot: wasserlösliches Haftmittel (Select Profcare) auf Verbandsebene und höher erlaubt, sonst absolutes Haftmittelverbot
96664;F-LL-2;15.12.2018;16:00;4066;HSG Leinfelden-Echterdingen 2;TG Nürtingen 2;Sportpark Goldäcker;70771;Leinfelden-Echterdingen;Leinfelder Straße 101;;Regelung Haftmittelverbot: wasserlösliches Haftmittel (Grip4you, wird vom Heimverein gestellt) für Aktive und A-Jugend erlaubt, B-Jugend und jünger absolutes Haftmittelverbot
96673;F-LL-2;26.01.2019;16:00;4066;HSG Leinfelden-Echterdingen 2;SV Vaihingen;Sportpark Goldäcker;70771;Leinfelden-Echterdingen;Leinfelder Straße 101;;Regelung Haftmittelverbot: wasserlösliches Haftmittel (Grip4you, wird vom Heimverein gestellt) für Aktive und A-Jugend erlaubt, B-Jugend und jünger absolutes Haftmittelverbot
96679;F-LL-2;02.02.2019;18:00;3006;HSG Cannstatt/Münster/Max-Eyth-See;HSG Leinfelden-Echterdingen 2;Elly-Heuss-Knapp-Gymnasium;70372;Stuttgart-Bad Cannstatt;Remstalstraße 35;0711-523100;Absolutes Haftmittelverbot
96686;F-LL-2;09.02.2019;16:00;4066;HSG Leinfelden-Echterdingen 2;SG Schorndorf 1846;Sportpark Goldäcker;70771;Leinfelden-Echterdingen;Leinfelder Straße 101;;Regelung Haftmittelverbot: wasserlösliches Haftmittel (Grip4you, wird vom Heimverein gestellt) für Aktive und A-Jugend erlaubt, B-Jugend und jünger absolutes Haftmittelverbot
96691;F-LL-2;16.02.2019;20:15;7053;HSG Nendingen/Tuttlingen/Wurmlingen;HSG Leinfelden-Echterdingen 2;Ludwig-Uhland-Sporthalle;78532;Tuttlingen;Werderstraße 15;;Absolutes Haftmittelverbot
96694;F-LL-2;23.02.2019;16:00;4066;HSG Leinfelden-Echterdingen 2;HSG Winterbach/Weiler;Sportpark Goldäcker;70771;Leinfelden-Echterdingen;Leinfelder Straße 101;;Regelung Haftmittelverbot: wasserlösliches Haftmittel (Grip4you, wird vom Heimverein gestellt) für Aktive und A-Jugend erlaubt, B-Jugend und jünger absolutes Haftmittelverbot
96700;F-LL-2;09.03.2019;20:00;7049;TG Schömberg;HSG Leinfelden-Echterdingen 2;Sporthalle;72355;Schömberg;Schillerstraße 35;;Regelung Haftmittelverbot: Trimona-Haftspray erlaubt
96708;F-LL-2;16.03.2019;16:00;4066;HSG Leinfelden-Echterdingen 2;HSG Hossingen-Meßstetten;Sportpark Goldäcker;70771;Leinfelden-Echterdingen;Leinfelder Straße 101;;Regelung Haftmittelverbot: wasserlösliches Haftmittel (Grip4you, wird vom Heimverein gestellt) für Aktive und A-Jugend erlaubt, B-Jugend und jünger absolutes Haftmittelverbot
96709;F-LL-2;23.03.2019;17:45;3025;WSG Alfdorf/Lorch/Waldhausen;HSG Leinfelden-Echterdingen 2;Schäfersfeldhalle;73547;Lorch;Auf dem Schäfersfeld;07172-186-398;Regelung Haftmittelverbot: wasserlösliches Haftmittel erlaubt
96717;F-LL-2;30.03.2019;16:00;4066;HSG Leinfelden-Echterdingen 2;HSG Albstadt;Sportpark Goldäcker;70771;Leinfelden-Echterdingen;Leinfelder Straße 101;;Regelung Haftmittelverbot: wasserlösliches Haftmittel (Grip4you, wird vom Heimverein gestellt) für Aktive und A-Jugend erlaubt, B-Jugend und jünger absolutes Haftmittelverbot
96723;F-LL-2;06.04.2019;18:00;4066;HSG Leinfelden-Echterdingen 2;SG Weinstadt;Sportpark Goldäcker;70771;Leinfelden-Echterdingen;Leinfelder Straße 101;;Regelung Haftmittelverbot: wasserlösliches Haftmittel (Grip4you, wird vom Heimverein gestellt) für Aktive und A-Jugend erlaubt, B-Jugend und jünger absolutes Haftmittelverbot
41217;F-Pok-B;11.09.2018;20:00;4068;TSV Weilheim;HSG Leinfelden-Echterdingen 2;Sporthalle an der Lindach;73235;Weilheim/Teck;Egelsbergstraße 1;;Regelung Haftmittelverbot: wasserlösliche Haftmittel erlaubt
98410;F-Pok;02.09.2018;15:00;4066;HSG Leinfelden-Echterdingen;TPSG Frisch Auf Göppingen 2;Sportpark Goldäcker;70771;Leinfelden-Echterdingen;Leinfelder Straße 101;;Regelung Haftmittelverbot: wasserlösliches Haftmittel (Grip4you, wird vom Heimverein gestellt) für Aktive und A-Jugend erlaubt, B-Jugend und jünger absolutes Haftmittelverbot
46001;mJA-BL;15.09.2018;15:00;4035;Rot-Weiss Neckar;HSG Leinfelden-Echterdingen;Theodor-Eisenlohr-Sporthalle;72622;Nürtingen;Mühlstraße 25;07022-37388;Regelung Haftmittelverbot: wasserlösliche Haftmittel (Select Profcare) erlaubt
46062;mJA-BL;30.09.2018;13:00;4066;HSG Leinfelden-Echterdingen;JSG Urach-Grabenstetten;Sportpark Goldäcker;70771;Leinfelden-Echterdingen;Leinfelder Straße 101;;Regelung Haftmittelverbot: wasserlösliches Haftmittel (Grip4you, wird vom Heimverein gestellt) für Aktive und A-Jugend erlaubt, B-Jugend und jünger absolutes Haftmittelverbot
46010;mJA-BL;06.10.2018;13:45;3026;HSG Leinfelden-Echterdingen;TSV Weilheim;Rembrandthalle;70567;Stuttgart-Möhringen;Sigmaringer Straße 85;0711-713624;Absolutes Haftmittelverbot
46014;mJA-BL;13.10.2018;17:45;4045;Jugendhandball-Akademie Neuhausen-Ostfildern 2;HSG Leinfelden-Echterdingen;Körschtalhalle;73760;Ostfildern-Scharnhausen;Körschtalstraße;07158-3226;Regelung Haftmittelverbot: wasserlösliches Haftmittel (Select Profcare) erlaubt
46019;mJA-BL;27.10.2018;14:15;4017;JSG Urach-Grabenstetten;HSG Leinfelden-Echterdingen;Falkensteinhalle;72582;Grabenstetten;Böhringer Straße10/2;07382-7146;Regelung Haftmittelverbot: wasserlösliches Haftmittel (Select Profcare) für Männer, Frauen und A-Jugend erlaubt, sonst absolutes Haftmittelverbot
46023;mJA-BL;03.11.2018;14:00;4066;HSG Leinfelden-Echterdingen;SG Hegensberg-Liebersbronn;Sportpark Goldäcker;70771;Leinfelden-Echterdingen;Leinfelder Straße 101;;Regelung Haftmittelverbot: wasserlösliches Haftmittel (Grip4you, wird vom Heimverein gestellt) für Aktive und A-Jugend erlaubt, B-Jugend und jünger absolutes Haftmittelverbot
46054;mJA-BL;11.11.2018;15:15;3026;HSG Leinfelden-Echterdingen;Jugendhandball-Akademie Neuhausen-Ostfildern 2;Rembrandthalle;70567;Stuttgart-Möhringen;Sigmaringer Straße 85;0711-713624;Absolutes Haftmittelverbot
46017;mJA-BL;17.11.2018;15:00;3026;HSG Leinfelden-Echterdingen;TSV Owen/Teck;Rembrandthalle;70567;Stuttgart-Möhringen;Sigmaringer Straße 85;0711-713624;Absolutes Haftmittelverbot
46039;mJA-BL;24.11.2018;15:45;4020;VfL Kirchheim;HSG Leinfelden-Echterdingen;Walter-Jacob-Halle;73230;Kirchheim/Teck;Jesinger Halde 1;;Absolutes Haftmittelverbot
46042;mJA-BL;08.12.2018;12:00;4066;HSG Leinfelden-Echterdingen;VfL Kirchheim;Sportpark Goldäcker;70771;Leinfelden-Echterdingen;Leinfelder Straße 101;;Regelung Haftmittelverbot: wasserlösliches Haftmittel (Grip4you, wird vom Heimverein gestellt) für Aktive und A-Jugend erlaubt, B-Jugend und jünger absolutes Haftmittelverbot
46044;mJA-BL;16.12.2018;13:00;4066;HSG Leinfelden-Echterdingen;Rot-Weiss Neckar;Sportpark Goldäcker;70771;Leinfelden-Echterdingen;Leinfelder Straße 101;;Regelung Haftmittelverbot: wasserlösliches Haftmittel (Grip4you, wird vom Heimverein gestellt) für Aktive und A-Jugend erlaubt, B-Jugend und jünger absolutes Haftmittelverbot
46051;mJA-BL;02.02.2019;14:00;4068;TSV Weilheim;HSG Leinfelden-Echterdingen;Sporthalle an der Lindach;73235;Weilheim/Teck;Egelsbergstraße 1;;Regelung Haftmittelverbot: wasserlösliche Haftmittel erlaubt
46056;mJA-BL;16.02.2019;16:00;4038;TSV Owen/Teck;HSG Leinfelden-Echterdingen;Teckhalle;73277;Owen/Teck;Rinnenweg 5/2;07021-958691;Regelung Haftmittelverbot: wasserlösliche Haftmittel erlaubt
46063;mJA-BL;09.03.2019;16:10;4070;SG Hegensberg-Liebersbronn;HSG Leinfelden-Echterdingen;Sporthalle Römerstraße;73732;Esslingen;Römerstraße 11;;Regelung Haftmittelverbot: wasserlösliche Haftmittel erlaubt
46074;mJA-BK;16.09.2018;14:10;4027;TSV Neckartenzlingen;HSG Leinfelden-Echterdingen 2;Richard-Hirschmann-Halle;72654;Neckartenzlingen;Auwiesen;07127-180155;Regelung Haftmittelverbot: wasserlösliche Haftmittel erlaubt
46109;mJA-BK;30.09.2018;15:00;4066;HSG Leinfelden-Echterdingen 2;TSG Münsingen;Sportpark Goldäcker;70771;Leinfelden-Echterdingen;Leinfelder Straße 101;;Regelung Haftmittelverbot: wasserlösliches Haftmittel (Grip4you, wird vom Heimverein gestellt) für Aktive und A-Jugend erlaubt, B-Jugend und jünger absolutes Haftmittelverbot
46080;mJA-BK;06.10.2018;12:00;3026;HSG Leinfelden-Echterdingen 2;TSV Dettingen/Erms;Rembrandthalle;70567;Stuttgart-Möhringen;Sigmaringer Straße 85;0711-713624;Absolutes Haftmittelverbot
46096;mJA-BK;10.11.2018;18:15;4006;tus Stuttgart;HSG Leinfelden-Echterdingen 2;tus-Halle beim Fernsehturm;70597;Stuttgart-Degerloch;Königsträßle 37;0711-9766110 (GS);Regelung Haftmittelverbot: wasserlösliche Haftmittel erlaubt
46098;mJA-BK;18.11.2018;13:00;4066;HSG Leinfelden-Echterdingen 2;SG Untere Fils 2;Sportpark Goldäcker;70771;Leinfelden-Echterdingen;Leinfelder Straße 101;;Regelung Haftmittelverbot: wasserlösliches Haftmittel (Grip4you, wird vom Heimverein gestellt) für Aktive und A-Jugend erlaubt, B-Jugend und jünger absolutes Haftmittelverbot
46100;mJA-BK;25.11.2018;16:00;4011;TSV Dettingen/Erms;HSG Leinfelden-Echterdingen 2;Sporthalle Neuwiesen;72581;Dettingen/Erms;Hülbener Straße 110;07123-87735;Regelung Haftmittelverbot: Aktive und A-Jugend: Trimona erlaubt, für die restl Jugend besteht absolutes Haftmittelverbot
46106;mJA-BK;09.12.2018;11:00;4066;HSG Leinfelden-Echterdingen 2;TSV Neckartenzlingen;Sportpark Goldäcker;70771;Leinfelden-Echterdingen;Leinfelder Straße 101;;Regelung Haftmittelverbot: wasserlösliches Haftmittel (Grip4you, wird vom Heimverein gestellt) für Aktive und A-Jugend erlaubt, B-Jugend und jünger absolutes Haftmittelverbot
46119;mJA-BK;16.12.2018;15:30;3026;HSG Leinfelden-Echterdingen 2;Jugendhandball-Akademie Neuhausen-Ostfildern 3;Rembrandthalle;70567;Stuttgart-Möhringen;Sigmaringer Straße 85;0711-713624;Absolutes Haftmittelverbot
46087;mJA-BK;20.01.2019;13:00;4066;HSG Leinfelden-Echterdingen 2;SV Vaihingen;Sportpark Goldäcker;70771;Leinfelden-Echterdingen;Leinfelder Straße 101;;Regelung Haftmittelverbot: wasserlösliches Haftmittel (Grip4you, wird vom Heimverein gestellt) für Aktive und A-Jugend erlaubt, B-Jugend und jünger absolutes Haftmittelverbot
46079;mJA-BK;26.01.2019;15:30;4026;TSG Münsingen;HSG Leinfelden-Echterdingen 2;Beutenlay-Sporthalle;72525;Münsingen;Beutenlaystraße;07381-182220;Absolutes Haftmittelverbot
46091;mJA-BK;02.02.2019;12:30;4042;Jugendhandball-Akademie Neuhausen-Ostfildern 3;HSG Leinfelden-Echterdingen 2;Sporthalle;73760;Ostfildern-Ruit;Justinus-Kerner-Weg 44;0711-413917;Regelung Haftmittelverbot: wasserlösliches Haftmittel (Select Profcare) erlaubt
46117;mJA-BK;16.02.2019;11:30;4052;SV Vaihingen;HSG Leinfelden-Echterdingen 2;Sporthalle Hegel-Gymnasium;70563;Stuttgart-Vaihingen;Robert-Koch-Straße 90;0711-7351189;Regelung Haftmittelverbot: wasserlösliche Haftmittel nur für Männer/Frauen erlaubt sonst Haftmittelverbot
46125;mJA-BK;16.03.2019;18:00;4066;HSG Leinfelden-Echterdingen 2;tus Stuttgart;Sportpark Goldäcker;70771;Leinfelden-Echterdingen;Leinfelder Straße 101;;Regelung Haftmittelverbot: wasserlösliches Haftmittel (Grip4you, wird vom Heimverein gestellt) für Aktive und A-Jugend erlaubt, B-Jugend und jünger absolutes Haftmittelverbot
46126;mJA-BK;24.03.2019;13:00;4041;SG Untere Fils 2;HSG Leinfelden-Echterdingen 2;Brühlhalle;73262;Reichenbach;Karlstraße;07153-500565;Haftmittel erlaubt
46203;mJB-BK;15.09.2018;17:40;4027;TSV Neckartenzlingen;HSG Leinfelden-Echterdingen;Richard-Hirschmann-Halle;72654;Neckartenzlingen;Auwiesen;07127-180155;Regelung Haftmittelverbot: wasserlösliche Haftmittel erlaubt
46205;mJB-BK;22.09.2018;18:00;4066;HSG Leinfelden-Echterdingen;TSV Neckartenzlingen;Sportpark Goldäcker;70771;Leinfelden-Echterdingen;Leinfelder Straße 101;;Regelung Haftmittelverbot: wasserlösliches Haftmittel (Grip4you, wird vom Heimverein gestellt) für Aktive und A-Jugend erlaubt, B-Jugend und jünger absolutes Haftmittelverbot
46210;mJB-BK;29.09.2018;16:00;4023;TSV Köngen;HSG Leinfelden-Echterdingen;Sporthalle bei der Burgschule;73257;Köngen;Burgweg;;Regelung Haftmittelverbot: nur das vom Verein gestellte Haftmittel
46212;mJB-BK;06.10.2018;12:00;4066;HSG Leinfelden-Echterdingen;TV Altbach;Sportpark Goldäcker;70771;Leinfelden-Echterdingen;Leinfelder Straße 101;;Regelung Haftmittelverbot: wasserlösliches Haftmittel (Grip4you, wird vom Heimverein gestellt) für Aktive und A-Jugend erlaubt, B-Jugend und jünger absolutes Haftmittelverbot
46224;mJB-BK;03.11.2018;16:00;4058;TSV Wolfschlugen;HSG Leinfelden-Echterdingen;Sporthalle beim Sportzentrum;72649;Wolfschlugen;Nürtinger Straße 77;07022-500535;Regelung Haftmittelverbot: wasserlösliche Haftmittel erlaubt
46219;mJB-BK;10.11.2018;14:00;4066;HSG Leinfelden-Echterdingen;TV Plochingen 2;Sportpark Goldäcker;70771;Leinfelden-Echterdingen;Leinfelder Straße 101;;Regelung Haftmittelverbot: wasserlösliches Haftmittel (Grip4you, wird vom Heimverein gestellt) für Aktive und A-Jugend erlaubt, B-Jugend und jünger absolutes Haftmittelverbot
46228;mJB-BK;17.11.2018;12:30;4020;VfL Kirchheim;HSG Leinfelden-Echterdingen;Walter-Jacob-Halle;73230;Kirchheim/Teck;Jesinger Halde 1;;Absolutes Haftmittelverbot
46231;mJB-BK;24.11.2018;16:00;4066;HSG Leinfelden-Echterdingen;VfL Kirchheim;Sportpark Goldäcker;70771;Leinfelden-Echterdingen;Leinfelder Straße 101;;Regelung Haftmittelverbot: wasserlösliches Haftmittel (Grip4you, wird vom Heimverein gestellt) für Aktive und A-Jugend erlaubt, B-Jugend und jünger absolutes Haftmittelverbot
46222;mJB-BK;13.01.2019;17:00;4006;tus Stuttgart;HSG Leinfelden-Echterdingen;tus-Halle beim Fernsehturm;70597;Stuttgart-Degerloch;Königsträßle 37;0711-9766110 (GS);Regelung Haftmittelverbot: wasserlösliche Haftmittel erlaubt
46241;mJB-BK;26.01.2019;12:00;4066;HSG Leinfelden-Echterdingen;TSV Köngen;Sportpark Goldäcker;70771;Leinfelden-Echterdingen;Leinfelder Straße 101;;Regelung Haftmittelverbot: wasserlösliches Haftmittel (Grip4you, wird vom Heimverein gestellt) für Aktive und A-Jugend erlaubt, B-Jugend und jünger absolutes Haftmittelverbot
46242;mJB-BK;02.02.2019;14:15;4001;TV Altbach;HSG Leinfelden-Echterdingen;Sporthalle;73776;Altbach;Esslinger Strasse 90;07153-21550;Regelung Haftmittelverbot: wasserlösliches Haftmittel (Select Profcare) erlaubt
46248;mJB-BK;16.02.2019;14:30;4040;TV Plochingen 2;HSG Leinfelden-Echterdingen;Schafhausäckerhalle;73207;Plochingen;Carl-Orff-Weg 4;07153-700521;Regelung Haftmittelverbot: wasserlösliche Haftmittel (Klebebalsam) erlaubt
46252;mJB-BK;10.03.2019;13:00;4066;HSG Leinfelden-Echterdingen;TSV Wolfschlugen;Sportpark Goldäcker;70771;Leinfelden-Echterdingen;Leinfelder Straße 101;;Regelung Haftmittelverbot: wasserlösliches Haftmittel (Grip4you, wird vom Heimverein gestellt) für Aktive und A-Jugend erlaubt, B-Jugend und jünger absolutes Haftmittelverbot
46251;mJB-BK;23.03.2019;14:00;4066;HSG Leinfelden-Echterdingen;tus Stuttgart;Sportpark Goldäcker;70771;Leinfelden-Echterdingen;Leinfelder Straße 101;;Regelung Haftmittelverbot: wasserlösliches Haftmittel (Grip4you, wird vom Heimverein gestellt) für Aktive und A-Jugend erlaubt, B-Jugend und jünger absolutes Haftmittelverbot
46425;mJC-KLA;15.09.2018;16:30;4001;TV Altbach;HSG Leinfelden-Echterdingen;Sporthalle;73776;Altbach;Esslinger Strasse 90;07153-21550;Regelung Haftmittelverbot: wasserlösliches Haftmittel (Select Profcare) erlaubt
46428;mJC-KLA;22.09.2018;12:00;4066;HSG Leinfelden-Echterdingen;SKV Unterensingen;Sportpark Goldäcker;70771;Leinfelden-Echterdingen;Leinfelder Straße 101;;Regelung Haftmittelverbot: wasserlösliches Haftmittel (Grip4you, wird vom Heimverein gestellt) für Aktive und A-Jugend erlaubt, B-Jugend und jünger absolutes Haftmittelverbot
46437;mJC-KLA;13.10.2018;15:15;4023;TSV Köngen;HSG Leinfelden-Echterdingen;Sporthalle bei der Burgschule;73257;Köngen;Burgweg;;Regelung Haftmittelverbot: nur das vom Verein gestellte Haftmittel
46443;mJC-KLA;20.10.2018;17:45;4032;Jugendhandball-Akademie Neuhausen-Ostfildern 4;HSG Leinfelden-Echterdingen;Egelsee-Sporthalle 1;73765;Neuhausen/Filder;Rupert-Mayer-Straße 74;07158-64937;Regelung Haftmittelverbot: wasserlösliche Haftmittel für Aktive, sowie A- und B-Jugend erlaubt
46446;mJC-KLA;03.11.2018;10:00;4066;HSG Leinfelden-Echterdingen;JSG Deizisau-Denkendorf 2;Sportpark Goldäcker;70771;Leinfelden-Echterdingen;Leinfelder Straße 101;;Regelung Haftmittelverbot: wasserlösliches Haftmittel (Grip4you, wird vom Heimverein gestellt) für Aktive und A-Jugend erlaubt, B-Jugend und jünger absolutes Haftmittelverbot
46449;mJC-KLA;10.11.2018;15:00;4006;tus Stuttgart;HSG Leinfelden-Echterdingen;tus-Halle beim Fernsehturm;70597;Stuttgart-Degerloch;Königsträßle 37;0711-9766110 (GS);Regelung Haftmittelverbot: wasserlösliche Haftmittel erlaubt
46442;mJC-KLA;18.11.2018;11:00;4066;HSG Leinfelden-Echterdingen;SG Hegensberg-Liebersbronn 2;Sportpark Goldäcker;70771;Leinfelden-Echterdingen;Leinfelder Straße 101;;Regelung Haftmittelverbot: wasserlösliches Haftmittel (Grip4you, wird vom Heimverein gestellt) für Aktive und A-Jugend erlaubt, B-Jugend und jünger absolutes Haftmittelverbot
46453;mJC-KLA;24.11.2018;16:00;4050;SKV Unterensingen;HSG Leinfelden-Echterdingen;Bettwiesenhalle;72669;Unterensingen;Schulstraße 43;;Regelung Haftmittelverbot: wasserlösliche Haftmittel (Trimona) erlaubt
46475;mJC-KLA;01.12.2018;17:15;4007;JSG Deizisau-Denkendorf 2;HSG Leinfelden-Echterdingen;Hermann-Ertinger-Sporthalle;73779;Deizisau;Altbacher Straße 9;07153-22716;Regelung Haftmittelverbot: wasserlösliche Haftmittel erlaubt
46472;mJC-KLA;09.12.2018;13:00;4066;HSG Leinfelden-Echterdingen;Jugendhandball-Akademie Neuhausen-Ostfildern 4;Sportpark Goldäcker;70771;Leinfelden-Echterdingen;Leinfelder Straße 101;;Regelung Haftmittelverbot: wasserlösliches Haftmittel (Grip4you, wird vom Heimverein gestellt) für Aktive und A-Jugend erlaubt, B-Jugend und jünger absolutes Haftmittelverbot
46458;mJC-KLA;15.12.2018;12:00;4066;HSG Leinfelden-Echterdingen;TV Altbach;Sportpark Goldäcker;70771;Leinfelden-Echterdingen;Leinfelder Straße 101;;Regelung Haftmittelverbot: wasserlösliches Haftmittel (Grip4you, wird vom Heimverein gestellt) für Aktive und A-Jugend erlaubt, B-Jugend und jünger absolutes Haftmittelverbot
46467;mJC-KLA;09.02.2019;12:00;4066;HSG Leinfelden-Echterdingen;TSV Köngen;Sportpark Goldäcker;70771;Leinfelden-Echterdingen;Leinfelder Straße 101;;Regelung Haftmittelverbot: wasserlösliches Haftmittel (Grip4you, wird vom Heimverein gestellt) für Aktive und A-Jugend erlaubt, B-Jugend und jünger absolutes Haftmittelverbot
46471;mJC-KLA;16.02.2019;14:30;4070;SG Hegensberg-Liebersbronn 2;HSG Leinfelden-Echterdingen;Sporthalle Römerstraße;73732;Esslingen;Römerstraße 11;;Regelung Haftmittelverbot: wasserlösliche Haftmittel erlaubt
46478;mJC-KLA;16.03.2019;12:00;4066;HSG Leinfelden-Echterdingen;tus Stuttgart;Sportpark Goldäcker;70771;Leinfelden-Echterdingen;Leinfelder Straße 101;;Regelung Haftmittelverbot: wasserlösliches Haftmittel (Grip4you, wird vom Heimverein gestellt) für Aktive und A-Jugend erlaubt, B-Jugend und jünger absolutes Haftmittelverbot
46580;gJD-BK;22.09.2018;14:00;4066;HSG Leinfelden-Echterdingen;JSG TEAM Esslingen;Sportpark Goldäcker;70771;Leinfelden-Echterdingen;Leinfelder Straße 101;;Regelung Haftmittelverbot: wasserlösliches Haftmittel (Grip4you, wird vom Heimverein gestellt) für Aktive und A-Jugend erlaubt, B-Jugend und jünger absolutes Haftmittelverbot
46584;gJD-BK;29.09.2018;11:30;4058;TSV Wolfschlugen;HSG Leinfelden-Echterdingen;Sporthalle beim Sportzentrum;72649;Wolfschlugen;Nürtinger Straße 77;07022-500535;Regelung Haftmittelverbot: wasserlösliche Haftmittel erlaubt
46598;gJD-BK;04.11.2018;13:00;4066;HSG Leinfelden-Echterdingen;Jugendhandball-Akademie Neuhausen-Ostfildern 2;Sportpark Goldäcker;70771;Leinfelden-Echterdingen;Leinfelder Straße 101;;Regelung Haftmittelverbot: wasserlösliches Haftmittel (Grip4you, wird vom Heimverein gestellt) für Aktive und A-Jugend erlaubt, B-Jugend und jünger absolutes Haftmittelverbot
46602;gJD-BK;10.11.2018;13:30;4006;tus Stuttgart;HSG Leinfelden-Echterdingen;tus-Halle beim Fernsehturm;70597;Stuttgart-Degerloch;Königsträßle 37;0711-9766110 (GS);Regelung Haftmittelverbot: wasserlösliche Haftmittel erlaubt
46604;gJD-BK;17.11.2018;10:00;4066;HSG Leinfelden-Echterdingen;SV Vaihingen;Sportpark Goldäcker;70771;Leinfelden-Echterdingen;Leinfelder Straße 101;;Regelung Haftmittelverbot: wasserlösliches Haftmittel (Grip4you, wird vom Heimverein gestellt) für Aktive und A-Jugend erlaubt, B-Jugend und jünger absolutes Haftmittelverbot
46595;gJD-BK;24.11.2018;16:30;4042;Jugendhandball-Akademie Neuhausen-Ostfildern 3;HSG Leinfelden-Echterdingen;Sporthalle;73760;Ostfildern-Ruit;Justinus-Kerner-Weg 44;0711-413917;Regelung Haftmittelverbot: wasserlösliches Haftmittel (Select Profcare) erlaubt
46608;gJD-BK;01.12.2018;10:45;4016;JSG TEAM Esslingen;HSG Leinfelden-Echterdingen;Schelztor-Sporthalle;73728;Esslingen;Schelztorstraße 4;0711-3512-2505;Regelung Haftmittelverbot: wasserlösliche Haftmittel (Trimona) erlaubt
46593;gJD-BK;16.12.2018;11:00;4066;HSG Leinfelden-Echterdingen;SG Hegensberg-Liebersbronn;Sportpark Goldäcker;70771;Leinfelden-Echterdingen;Leinfelder Straße 101;;Regelung Haftmittelverbot: wasserlösliches Haftmittel (Grip4you, wird vom Heimverein gestellt) für Aktive und A-Jugend erlaubt, B-Jugend und jünger absolutes Haftmittelverbot
46613;gJD-BK;26.01.2019;10:00;4066;HSG Leinfelden-Echterdingen;TSV Wolfschlugen;Sportpark Goldäcker;70771;Leinfelden-Echterdingen;Leinfelder Straße 101;;Regelung Haftmittelverbot: wasserlösliches Haftmittel (Grip4you, wird vom Heimverein gestellt) für Aktive und A-Jugend erlaubt, B-Jugend und jünger absolutes Haftmittelverbot
46622;gJD-BK;17.02.2019;14:50;4070;SG Hegensberg-Liebersbronn;HSG Leinfelden-Echterdingen;Sporthalle Römerstraße;73732;Esslingen;Römerstraße 11;;Regelung Haftmittelverbot: wasserlösliche Haftmittel erlaubt
46624;gJD-BK;23.02.2019;10:00;4066;HSG Leinfelden-Echterdingen;Jugendhandball-Akademie Neuhausen-Ostfildern 3;Sportpark Goldäcker;70771;Leinfelden-Echterdingen;Leinfelder Straße 101;;Regelung Haftmittelverbot: wasserlösliches Haftmittel (Grip4you, wird vom Heimverein gestellt) für Aktive und A-Jugend erlaubt, B-Jugend und jünger absolutes Haftmittelverbot
46627;gJD-BK;10.03.2019;15:30;4032;Jugendhandball-Akademie Neuhausen-Ostfildern 2;HSG Leinfelden-Echterdingen;Egelsee-Sporthalle 1;73765;Neuhausen/Filder;Rupert-Mayer-Straße 74;07158-64937;Regelung Haftmittelverbot: wasserlösliche Haftmittel für Aktive, sowie A- und B-Jugend erlaubt
46630;gJD-BK;17.03.2019;11:00;4066;HSG Leinfelden-Echterdingen;tus Stuttgart;Sportpark Goldäcker;70771;Leinfelden-Echterdingen;Leinfelder Straße 101;;Regelung Haftmittelverbot: wasserlösliches Haftmittel (Grip4you, wird vom Heimverein gestellt) für Aktive und A-Jugend erlaubt, B-Jugend und jünger absolutes Haftmittelverbot
46632;gJD-BK;23.03.2019;14:45;4065;SV Vaihingen;HSG Leinfelden-Echterdingen;Sporthalle Fanny-Leicht-Gymnasium;70563;Stuttgart;Fanny-Leicht-Straße 13;;Absolutes Haftmittelverbot
47436;gJE4+1/6;29.09.2018;12:30;4041;HSG Leinfelden-Echterdingen;tus Stuttgart;Brühlhalle;73262;Reichenbach;Karlstraße;07153-500565;Haftmittel erlaubt
47438;gJE4+1/6;13.10.2018;10:00;4035;TSV Owen/Teck;HSG Leinfelden-Echterdingen;Theodor-Eisenlohr-Sporthalle;72622;Nürtingen;Mühlstraße 25;07022-37388;Regelung Haftmittelverbot: wasserlösliche Haftmittel (Select Profcare) erlaubt
47441;gJE4+1/6;21.10.2018;11:00;4031;HSG Leinfelden-Echterdingen;Rot-Weiss Neckar 2;TB-Sporthalle beim Schulzentrum Halde;72639;Neuffen;Hohenzollernstraße 28;;Regelung Haftmittelverbot: wasserlösliches Haftmittel erlaubt
47445;gJE4+1/6;09.12.2018;10:00;4038;TB Neuffen;HSG Leinfelden-Echterdingen;Teckhalle;73277;Owen/Teck;Rinnenweg 5/2;07021-958691;Regelung Haftmittelverbot: wasserlösliche Haftmittel erlaubt
47446;gJE4+1/6;02.02.2019;14:00;4066;SG Untere Fils 2;HSG Leinfelden-Echterdingen;Sportpark Goldäcker;70771;Leinfelden-Echterdingen;Leinfelder Straße 101;;Regelung Haftmittelverbot: wasserlösliches Haftmittel (Grip4you, wird vom Heimverein gestellt) für Aktive und A-Jugend erlaubt, B-Jugend und jünger absolutes Haftmittelverbot
47676;gJF-3;07.10.2018;10:00;4020;HSG Leinfelden-Echterdingen;TSV Neuhausen/F. 1898;Walter-Jacob-Halle;73230;Kirchheim/Teck;Jesinger Halde 1;;Absolutes Haftmittelverbot
47678;gJF-3;11.11.2018;10:00;4035;JSG Deizisau-Denkendorf;HSG Leinfelden-Echterdingen;Theodor-Eisenlohr-Sporthalle;72622;Nürtingen;Mühlstraße 25;07022-37388;Regelung Haftmittelverbot: wasserlösliche Haftmittel (Select Profcare) erlaubt
47681;gJF-3;01.12.2018;10:00;4045;HSG Leinfelden-Echterdingen;Rot-Weiss Neckar;Körschtalhalle;73760;Ostfildern-Scharnhausen;Körschtalstraße;07158-3226;Regelung Haftmittelverbot: wasserlösliches Haftmittel (Select Profcare) erlaubt
47685;gJF-3;26.01.2019;13:00;4010;Jugendhandball-Akademie Neuhausen-Ostfildern 5;HSG Leinfelden-Echterdingen;Großsporthalle Albert-Schweitzer-Schule;73770;Denkendorf;Lenaustraße 3;0711-3464479;Absolutes Haftmittelverbot
47686;gJF-3;02.02.2019;12:00;4066;VfL Kirchheim;HSG Leinfelden-Echterdingen;Sportpark Goldäcker;70771;Leinfelden-Echterdingen;Leinfelder Straße 101;;Regelung Haftmittelverbot: wasserlösliches Haftmittel (Grip4you, wird vom Heimverein gestellt) für Aktive und A-Jugend erlaubt, B-Jugend und jünger absolutes Haftmittelverbot
46936;wJB-KLA;15.09.2018;14:00;4031;TB Neuffen;HSG Leinfelden-Echterdingen;TB-Sporthalle beim Schulzentrum Halde;72639;Neuffen;Hohenzollernstraße 28;;Regelung Haftmittelverbot: wasserlösliches Haftmittel erlaubt
46922;wJB-KLA;22.09.2018;18:00;4023;TSV Köngen;HSG Leinfelden-Echterdingen;Sporthalle bei der Burgschule;73257;Köngen;Burgweg;;Regelung Haftmittelverbot: nur das vom Verein gestellte Haftmittel
46910;wJB-KLA;29.09.2018;14:30;4058;TSV Wolfschlugen;HSG Leinfelden-Echterdingen;Sporthalle beim Sportzentrum;72649;Wolfschlugen;Nürtinger Straße 77;07022-500535;Regelung Haftmittelverbot: wasserlösliche Haftmittel erlaubt
46917;wJB-KLA;14.10.2018;15:00;4066;HSG Leinfelden-Echterdingen;TB Neuffen;Sportpark Goldäcker;70771;Leinfelden-Echterdingen;Leinfelder Straße 101;;Regelung Haftmittelverbot: wasserlösliches Haftmittel (Grip4you, wird vom Heimverein gestellt) für Aktive und A-Jugend erlaubt, B-Jugend und jünger absolutes Haftmittelverbot
46923;wJB-KLA;03.11.2018;12:00;4066;HSG Leinfelden-Echterdingen;JSG Deizisau-Denkendorf 2;Sportpark Goldäcker;70771;Leinfelden-Echterdingen;Leinfelder Straße 101;;Regelung Haftmittelverbot: wasserlösliches Haftmittel (Grip4you, wird vom Heimverein gestellt) für Aktive und A-Jugend erlaubt, B-Jugend und jünger absolutes Haftmittelverbot
46927;wJB-KLA;10.11.2018;15:30;4050;MSG Kirchheim/Unterensingen 2;HSG Leinfelden-Echterdingen;Bettwiesenhalle;72669;Unterensingen;Schulstraße 43;;Regelung Haftmittelverbot: wasserlösliche Haftmittel (Trimona) erlaubt
46932;wJB-KLA;17.11.2018;14:00;4066;HSG Leinfelden-Echterdingen;SV Vaihingen;Sportpark Goldäcker;70771;Leinfelden-Echterdingen;Leinfelder Straße 101;;Regelung Haftmittelverbot: wasserlösliches Haftmittel (Grip4you, wird vom Heimverein gestellt) für Aktive und A-Jugend erlaubt, B-Jugend und jünger absolutes Haftmittelverbot
46935;wJB-KLA;25.11.2018;14:30;4011;TSV Dettingen/Erms;HSG Leinfelden-Echterdingen;Sporthalle Neuwiesen;72581;Dettingen/Erms;Hülbener Straße 110;07123-87735;Regelung Haftmittelverbot: Aktive und A-Jugend: Trimona erlaubt, für die restl Jugend besteht absolutes Haftmittelverbot
46912;wJB-KLA;16.12.2018;15:00;4066;HSG Leinfelden-Echterdingen;TSV Dettingen/Erms;Sportpark Goldäcker;70771;Leinfelden-Echterdingen;Leinfelder Straße 101;;Regelung Haftmittelverbot: wasserlösliches Haftmittel (Grip4you, wird vom Heimverein gestellt) für Aktive und A-Jugend erlaubt, B-Jugend und jünger absolutes Haftmittelverbot
46942;wJB-KLA;27.01.2019;11:00;4066;HSG Leinfelden-Echterdingen;TSV Wolfschlugen;Sportpark Goldäcker;70771;Leinfelden-Echterdingen;Leinfelder Straße 101;;Regelung Haftmittelverbot: wasserlösliches Haftmittel (Grip4you, wird vom Heimverein gestellt) für Aktive und A-Jugend erlaubt, B-Jugend und jünger absolutes Haftmittelverbot
46952;wJB-KLA;23.02.2019;12:00;4066;HSG Leinfelden-Echterdingen;TSV Köngen;Sportpark Goldäcker;70771;Leinfelden-Echterdingen;Leinfelder Straße 101;;Regelung Haftmittelverbot: wasserlösliches Haftmittel (Grip4you, wird vom Heimverein gestellt) für Aktive und A-Jugend erlaubt, B-Jugend und jünger absolutes Haftmittelverbot
46953;wJB-KLA;09.03.2019;11:15;4007;JSG Deizisau-Denkendorf 2;HSG Leinfelden-Echterdingen;Hermann-Ertinger-Sporthalle;73779;Deizisau;Altbacher Straße 9;07153-22716;Regelung Haftmittelverbot: wasserlösliche Haftmittel erlaubt
46959;wJB-KLA;17.03.2019;13:00;4066;HSG Leinfelden-Echterdingen;MSG Kirchheim/Unterensingen 2;Sportpark Goldäcker;70771;Leinfelden-Echterdingen;Leinfelder Straße 101;;Regelung Haftmittelverbot: wasserlösliches Haftmittel (Grip4you, wird vom Heimverein gestellt) für Aktive und A-Jugend erlaubt, B-Jugend und jünger absolutes Haftmittelverbot
46960;wJB-KLA;23.03.2019;18:00;4065;SV Vaihingen;HSG Leinfelden-Echterdingen;Sporthalle Fanny-Leicht-Gymnasium;70563;Stuttgart;Fanny-Leicht-Straße 13;;Absolutes Haftmittelverbot
47102;wJC-KLA;16.09.2018;17:00;4040;TV Plochingen 2;HSG Leinfelden-Echterdingen;Schafhausäckerhalle;73207;Plochingen;Carl-Orff-Weg 4;07153-700521;Regelung Haftmittelverbot: wasserlösliche Haftmittel (Klebebalsam) erlaubt
47080;wJC-KLA;29.09.2018;14:15;3030;TV Plieningen;HSG Leinfelden-Echterdingen;Sporthalle;70599;Stuttgart-Plieningen;Im Wolfer 36;0711-456492;Absolutes Haftmittelverbot
47084;wJC-KLA;06.10.2018;10:00;4066;HSG Leinfelden-Echterdingen;TSV Weilheim;Sportpark Goldäcker;70771;Leinfelden-Echterdingen;Leinfelder Straße 101;;Regelung Haftmittelverbot: wasserlösliches Haftmittel (Grip4you, wird vom Heimverein gestellt) für Aktive und A-Jugend erlaubt, B-Jugend und jünger absolutes Haftmittelverbot
47091;wJC-KLA;13.10.2018;13:30;4004;HB Filderstadt;HSG Leinfelden-Echterdingen;Eduard-Spranger-Halle;70794;Filderstadt-Bernhausen;Tübinger Straße 96;0711-7003338;Regelung Haftmittelverbot: wasserlösliches Haftmittel (Select Profcare) erlaubt
47101;wJC-KLA;04.11.2018;13:45;4027;TSV Neckartenzlingen 2;HSG Leinfelden-Echterdingen;Richard-Hirschmann-Halle;72654;Neckartenzlingen;Auwiesen;07127-180155;Regelung Haftmittelverbot: wasserlösliche Haftmittel erlaubt
47075;wJC-KLA;10.11.2018;12:30;4057;HC Wernau;HSG Leinfelden-Echterdingen;Neckartal-Sporthalle;73249;Wernau;Stadionweg 16;07153-9345-870;Regelung Haftmittelverbot: wasserlösliches Haftmittel (Select Profcare) erlaubt
47105;wJC-KLA;17.11.2018;12:00;4066;HSG Leinfelden-Echterdingen;TSV Neuhausen/F. 1898 2;Sportpark Goldäcker;70771;Leinfelden-Echterdingen;Leinfelder Straße 101;;Regelung Haftmittelverbot: wasserlösliches Haftmittel (Grip4you, wird vom Heimverein gestellt) für Aktive und A-Jugend erlaubt, B-Jugend und jünger absolutes Haftmittelverbot
47109;wJC-KLA;24.11.2018;10:45;4035;Rot-Weiss Neckar 2;HSG Leinfelden-Echterdingen;Theodor-Eisenlohr-Sporthalle;72622;Nürtingen;Mühlstraße 25;07022-37388;Regelung Haftmittelverbot: wasserlösliche Haftmittel (Select Profcare) erlaubt
47112;wJC-KLA;01.12.2018;10:00;4032;TSV Neuhausen/F. 1898 2;HSG Leinfelden-Echterdingen;Egelsee-Sporthalle 1;73765;Neuhausen/Filder;Rupert-Mayer-Straße 74;07158-64937;Regelung Haftmittelverbot: wasserlösliche Haftmittel für Aktive, sowie A- und B-Jugend erlaubt
47114;wJC-KLA;08.12.2018;10:00;4066;HSG Leinfelden-Echterdingen;TSV Neckartenzlingen 2;Sportpark Goldäcker;70771;Leinfelden-Echterdingen;Leinfelder Straße 101;;Regelung Haftmittelverbot: wasserlösliches Haftmittel (Grip4you, wird vom Heimverein gestellt) für Aktive und A-Jugend erlaubt, B-Jugend und jünger absolutes Haftmittelverbot
47116;wJC-KLA;16.12.2018;17:00;4066;HSG Leinfelden-Echterdingen;HC Wernau;Sportpark Goldäcker;70771;Leinfelden-Echterdingen;Leinfelder Straße 101;;Regelung Haftmittelverbot: wasserlösliches Haftmittel (Grip4you, wird vom Heimverein gestellt) für Aktive und A-Jugend erlaubt, B-Jugend und jünger absolutes Haftmittelverbot
47119;wJC-KLA;27.01.2019;13:30;4066;HSG Leinfelden-Echterdingen;TV Plieningen;Sportpark Goldäcker;70771;Leinfelden-Echterdingen;Leinfelder Straße 101;;Regelung Haftmittelverbot: wasserlösliches Haftmittel (Grip4you, wird vom Heimverein gestellt) für Aktive und A-Jugend erlaubt, B-Jugend und jünger absolutes Haftmittelverbot
47123;wJC-KLA;02.02.2019;12:30;4068;TSV Weilheim;HSG Leinfelden-Echterdingen;Sporthalle an der Lindach;73235;Weilheim/Teck;Egelsbergstraße 1;;Regelung Haftmittelverbot: wasserlösliche Haftmittel erlaubt
47128;wJC-KLA;09.02.2019;14:00;4066;HSG Leinfelden-Echterdingen;HB Filderstadt;Sportpark Goldäcker;70771;Leinfelden-Echterdingen;Leinfelder Straße 101;;Regelung Haftmittelverbot: wasserlösliches Haftmittel (Grip4you, wird vom Heimverein gestellt) für Aktive und A-Jugend erlaubt, B-Jugend und jünger absolutes Haftmittelverbot
47143;wJC-KLA;16.03.2019;14:00;4066;HSG Leinfelden-Echterdingen;Rot-Weiss Neckar 2;Sportpark Goldäcker;70771;Leinfelden-Echterdingen;Leinfelder Straße 101;;Regelung Haftmittelverbot: wasserlösliches Haftmittel (Grip4you, wird vom Heimverein gestellt) für Aktive und A-Jugend erlaubt, B-Jugend und jünger absolutes Haftmittelverbot
47077;wJC-KLA;23.03.2019;16:00;4066;HSG Leinfelden-Echterdingen;TV Plochingen 2;Sportpark Goldäcker;70771;Leinfelden-Echterdingen;Leinfelder Straße 101;;Regelung Haftmittelverbot: wasserlösliches Haftmittel (Grip4you, wird vom Heimverein gestellt) für Aktive und A-Jugend erlaubt, B-Jugend und jünger absolutes Haftmittelverbot
